1;Sters;Dingreseala;sters;stersgreseala@yahoo.com;75;refacut
3;Pop;Dan;parola123;popdan@gmail.com;75;omleta
4;Zaharia;Stancunul;1234;zahariastancunul@test.test;13;inghetata
5;Viorica;Dancila;123;nimic@nimic.com;22;supa
6;Pop;Ioan;123;nimic1@nimic.com;45;toffeffe
7;Hajari;Dinesh;123;nimic2@nimic.com;35;humus
8;Mariah;Carey;123;nimic3@nimic.com;50;gingerbread
9;Persoana;Noua;123;something@ceva.com;24;toffeffe
10;Sdfsd;Sdfsdf;123;asdas@sdfsd.com;23;hello
11;Fdfsdf;Gsdfsdf;123;sdfsddfsd@sdfsdf.com;23;evfsfv
